Check the deployment logs for the last service incident.,Production_Support,router,2025-12-14T15:12:06.144638
Run maintenance scripts on the server,Infrastructure_Maintenance,router,2025-12-14T15:12:06.240227
Push a new README file to the main branch.,Feature_Development,router,2025-12-14T15:12:06.242913
Create a new API endpoint and commit the implementation,Feature_Development,router,2025-12-14T15:12:06.243340
Prepare a proposal document for customer,Proposal_Development,router,2025-12-14T15:12:06.243857
Generate a list of leads for the EMEA region,Lead_Generation,router,2025-12-14T15:12:06.244378
Push a new README file to the main branch.,Feature_Development,router,2025-12-14T15:12:06.245120
Create a new API endpoint and commit the implementation,Feature_Development,router,2025-12-14T15:12:06.245146
Push a new README file to the main branch.,Feature_Development,router,2025-12-14T15:12:06.245139
Push a new README file to the main branch.,Feature_Development,router,2025-12-14T15:12:14.805340
Check deployment logs for the last service incident.,Production_Support,router,2025-12-14T15:12:14.805420
Run maintenance scripts on the server,Infrastructure_Maintenance,router,2025-12-14T15:12:14.805539
Generate a list of leads for the EMEA region,Lead_Generation,router,2025-12-14T15:12:14.805606
Fix bug in the payment component,Feature_Development,router,2025-12-14T15:12:14.806459
Push a new README file to the main branch.,Feature_Development,router,2025-12-14T15:12:14.807634
Fix a bug in the payment processor and commit the change.,Feature_Development,router,2025-12-14T15:12:14.807656
Add unit tests for the auth module.,Feature_Development,router,2025-12-14T15:12:14.807690
Create a new API endpoint to return user profiles.,Feature_Development,router,2025-12-14T15:12:14.807677
Check deployment logs for the last service incident.,Production_Support,router,2025-12-14T15:12:14.808167
Commit change to the user service repo.,Feature_Development,router,2025-12-14T15:12:14.808139
Troubleshoot system logs to find the error.,Incident_Resolution,router,2025-12-14T15:12:14.808411
Investigate why the service crashed after deploy.,Production_Support,router,2025-12-14T15:12:14.808155
Restart the failing service and collect logs.,Production_Support,router,2025-12-14T15:12:14.808804
Collect stack traces from the worker that failed.,Production_Support,router,2025-12-14T15:12:14.808831
Perform an infrastructure upgrade on staging.,Infrastructure_Maintenance,router,2025-12-14T15:12:14.809194
Run maintenance scripts on the server.,Infrastructure_Maintenance,router,2025-12-14T15:12:14.808958
Apply security patches to servers.,Infrastructure_Maintenance,router,2025-12-14T15:12:14.809281
Migrate user data to the new schema.,Infrastructure_Maintenance,router,2025-12-14T15:12:14.809506
Prepare a proposal document for customer.,Proposal_Development,router,2025-12-14T15:12:14.809634
Assemble sales collateral and slides for the RFP.,Proposal_Development,router,2025-12-14T15:12:14.809779
Generate a list of leads for the EMEA region.,Lead_Generation,router,2025-12-14T15:12:14.810055
Find potential customers for product X.,Lead_Generation,router,2025-12-14T15:12:14.810109
Check the deployment logs for the last service incident.,Production_Support,router,2025-12-14T15:12:14.810664
Create pricing proposal for enterprise customer.,Proposal_Development,router,2025-12-14T15:12:14.810581
Draft email template for outreach to leads.,Lead_Generation,router,2025-12-14T15:12:14.810600
Investigate incident logs for the outage.,Incident_Resolution,router,2025-12-14T15:12:14.810958
Push updated documentation to the docs repo.,Feature_Development,router,2025-12-14T15:12:14.811232
Prepare demo environment for the customer.,Infrastructure_Maintenance,router,2025-12-14T15:12:14.811280
Run database migration to apply schema changes.,Infrastructure_Maintenance,router,2025-12-14T15:12:14.811421
Retrieve database credentials.,Proposal_Development,router,2025-12-14T15:12:14.811765
Generate quarterly sales leads report.,Lead_Generation,router,2025-12-14T15:12:14.811806
Fix the login bug and push to main.,Feature_Development,router,2025-12-14T15:12:14.811877
Create a new feature branch and implement the endpoint.,Feature_Development,router,2025-12-14T15:12:14.812488
Investigate error causing 500 responses.,Production_Support,router,2025-12-14T15:12:14.812389
Draft a proposal and save to Sales folder.,Proposal_Development,router,2025-12-14T15:12:14.812722
Push a new README file to the main branch.,Feature_Development,router,2025-12-15T06:17:49.261103
Generate a list of leads for the EMEA region,Lead_Generation,router,2025-12-15T06:17:49.261343
Check deployment logs for the last service incident.,Production_Support,router,2025-12-15T06:17:49.261183
Run maintenance scripts on the server,Infrastructure_Maintenance,router,2025-12-15T06:17:49.261263
Fix bug in the payment component,Feature_Development,router,2025-12-15T06:17:49.262542
Create a new API endpoint to return user profiles.,Feature_Development,router,2025-12-15T06:17:49.263877
Add unit tests for the auth module.,Feature_Development,router,2025-12-15T06:17:49.263959
Push a new README file to the main branch.,Feature_Development,router,2025-12-15T06:17:49.263839
Fix a bug in the payment processor and commit the change.,Feature_Development,router,2025-12-15T06:17:49.263856
Commit change to the user service repo.,Feature_Development,router,2025-12-15T06:17:49.264754
Investigate why the service crashed after deploy.,Production_Support,router,2025-12-15T06:17:49.264883
Check deployment logs for the last service incident.,Production_Support,router,2025-12-15T06:17:49.264953
Restart the failing service and collect logs.,Production_Support,router,2025-12-15T06:17:49.265461
Troubleshoot system logs to find the error.,Incident_Resolution,router,2025-12-15T06:17:49.265438
Collect stack traces from the worker that failed.,Production_Support,router,2025-12-15T06:17:49.265876
Apply security patches to servers.,Infrastructure_Maintenance,router,2025-12-15T06:17:49.266246
Run maintenance scripts on the server.,Infrastructure_Maintenance,router,2025-12-15T06:17:49.266087
Migrate user data to the new schema.,Infrastructure_Maintenance,router,2025-12-15T06:17:49.266529
Perform an infrastructure upgrade on staging.,Infrastructure_Maintenance,router,2025-12-15T06:17:49.266232
Prepare a proposal document for customer.,Proposal_Development,router,2025-12-15T06:17:49.267109
Find potential customers for product X.,Lead_Generation,router,2025-12-15T06:17:49.267438
Generate a list of leads for the EMEA region.,Lead_Generation,router,2025-12-15T06:17:49.267400
Create pricing proposal for enterprise customer.,Proposal_Development,router,2025-12-15T06:17:49.267562
Assemble sales collateral and slides for the RFP.,Proposal_Development,router,2025-12-15T06:17:49.267383
Draft email template for outreach to leads.,Lead_Generation,router,2025-12-15T06:17:49.268211
Check the deployment logs for the last service incident.,Production_Support,router,2025-12-15T06:17:49.268425
Investigate incident logs for the outage.,Incident_Resolution,router,2025-12-15T06:17:49.268630
Push updated documentation to the docs repo.,Feature_Development,router,2025-12-15T06:17:49.268644
Prepare demo environment for the customer.,Infrastructure_Maintenance,router,2025-12-15T06:17:49.269037
Run database migration to apply schema changes.,Infrastructure_Maintenance,router,2025-12-15T06:17:49.269400
Retrieve database credentials.,Proposal_Development,router,2025-12-15T06:17:49.269417
Fix the login bug and push to main.,Feature_Development,router,2025-12-15T06:17:49.270372
Generate quarterly sales leads report.,Lead_Generation,router,2025-12-15T06:17:49.269994
Create a new feature branch and implement the endpoint.,Feature_Development,router,2025-12-15T06:17:49.270429
Investigate error causing 500 responses.,Production_Support,router,2025-12-15T06:17:49.270387
Draft a proposal and save to Sales folder.,Proposal_Development,router,2025-12-15T06:17:49.271083
Check the deployment logs for the last service incident.,Production_Support,router,2025-12-15T06:17:54.914517
Run maintenance scripts on the server,Infrastructure_Maintenance,router,2025-12-15T06:17:55.004108
Push a new README file to the main branch.,Feature_Development,router,2025-12-15T06:17:55.005876
Create a new API endpoint and commit the implementation,Feature_Development,router,2025-12-15T06:17:55.006668
Prepare a proposal document for customer,Proposal_Development,router,2025-12-15T06:17:55.007378
Generate a list of leads for the EMEA region,Lead_Generation,router,2025-12-15T06:17:55.007964
Push a new README file to the main branch.,Feature_Development,router,2025-12-15T06:17:55.008731
Push a new README file to the main branch.,Feature_Development,router,2025-12-15T06:17:55.008713
Create a new API endpoint and commit the implementation,Feature_Development,router,2025-12-15T06:17:55.008738
